spliff.btc, 
unclemantis.btc, 
drewfalkman.btc, Wolf Clan M ğŸº clan â™‚ï¸
runefar.btc (Rune), Bear Clan M ğŸ» clan â™‚ï¸
tvq.btc, 
mpj | Chapter ID | Advox, Wolf Clan M ğŸº clan â™‚ï¸
incite, 
rapha.btc, 
merrick.btc, Wolf Clan M ğŸº clan â™‚ï¸
Algorithm.btc, Bear Clan M ğŸ» clan â™‚ï¸
Mirlo, Bear Clan W ğŸ» clan â™€ï¸
peters.btc, 
bogachev.btc, 
Akva.btc Ó¾, 
harold.btc, Turtle Clan M ğŸ¢ clan â™‚ï¸
zero.btc, Bear Clan M ğŸ» clan â™‚ï¸
N.Atlas, Bear Clan M ğŸ» clan â™‚ï¸
mocha.btc, 
kailani.btc/near, Bear Clan W ğŸ» clan â™€ï¸
haka2608, 
Harini Rajan Ó¾, 
jrmith, 
jryan258, Wolf Clan M ğŸº clan â™‚ï¸
BCF, 
Hero Gamer âš¡, Turtle Clan M ğŸ¢ clan â™‚ï¸
nickole.btc, Bear Clan W ğŸ» clan â™€ï¸
ragil.btc, Turtle Clan M ğŸ¢ clan â™‚ï¸
sleepi Ó¾, 
Kaylee.btc, Wolf Clan W ğŸº clan â™€ï¸
mashpotatoes.btc â™Ÿ, 
ErikOnStacks, 
GoodKitty, Bear Clan W ğŸ» clan â™€ï¸
wilsonbright.btc, 
Praja, 
ryeder.btc, Wolf Clan W ğŸº clan â™€ï¸
Jake, 
Jasper., 
ALOYSIOUS, Turtle Clan W ğŸ¢ clan â™€ï¸
xiri, 
hz.btc, Bear Clan M ğŸ» clan â™‚ï¸
mariaverse.btc, 
TheDoc.btc, Bear Clan M ğŸ» clan â™‚ï¸
0xLOC, Bear Clan M ğŸ» clan â™‚ï¸
MarcOfCane, Bear Clan M ğŸ» clan â™‚ï¸
mima.btc, Turtle Clan W ğŸ¢ clan â™€ï¸
Shankar.btc, 
Steven Long, Wolf Clan M ğŸº clan â™‚ï¸
jackbinswitch.btc, 
a.haun, 
sarala, Bear Clan W ğŸ» clan â™€ï¸
BowTiedBowTie, 
ukday9820, 
andrzej.btc, Wolf Clan M ğŸº clan â™‚ï¸
Shudufhadzo, 
isiah.btc, Wolf Clan M ğŸº clan â™‚ï¸
nft_huntsman, 
Mistiff.btc, 
The-advisor.btc/.eth/.lens, 
0xdaem0n, 
axopoa.btc, 
Spartan.btc, 
juliet.btc, Wolf Clan W ğŸº clan â™€ï¸
sahinalibayarÓ¾, 
djabdjab, 
faris.btc, 
orkut.btc, 
whoabuddy.btc, 
Blem Daddy, Bear Clan M ğŸ» clan â™‚ï¸
JakeBlockchain, Wolf Clan M ğŸº clan â™‚ï¸
emrealtnk.btc, 
fred-dog.btc, Wolf Clan M ğŸº clan â™‚ï¸
dan Ó¾ Boom, 
friedger.btc, Turtle Clan M ğŸ¢ clan â™‚ï¸
harounkola.btc, 
werner.btc, Bear Clan M ğŸ» clan â™‚ï¸